{
  "vendedores": [
    {
      "id": 1,
      "tipo": "Recursos Humanos",
      "nome": "Renata Albuquerque",
      "idade": 37,
      "ano-admissao": 2008,
      "salario": 3050,
      "cpf": 4901457796,
      "rg": "4645454646"
    },
    {
      "id": 2,
      "tipo": "Vendedor",
      "nome": "Angela Dutra",
      "idade": 28,
      "ano-admissao": 2017,
      "salario": 2550,
      "cpf": 854679562,
      "rg": "645454"
    },
    {
      "id": 3,
      "tipo": "Auxiliar de Serviços Gerais",
      "nome": "Alberto Duarte",
      "idade": 42,
      "ano-admissao": 2005,
      "salario": 1500,
      "cpf": 1216479632,
      "rg": "45646545"
    },
    {
      "id": 4,
      "tipo": "Atendimento ao cliente",
      "nome": "Bruno Silva",
      "idade": 25,
      "ano-admissao": 2019,
      "salario": 1500,
      "cpf": 9874545985,
      "rg": "654464564567"
    }
  ],
  "imovel": [
    {
      "id": 1,
      "tipo": "Casa",
      "rgi": "32569874561",
      "cep": "23251078",
      "cidade": "Rio de Janeiro",
      "estado": "RJ",
      "logradouro": "Rua Goulart de Andrade",
      "numero": "68",
      "complemento": "Prox a fábrica",
      "bairro": "Campo grande",
      "budget": "90000"
    },
    {
      "id": 2,
      "tipo": "Apartamento",
      "rgi": "74568231456",
      "cep": "23510190",
      "cidade": "Rio de Janeiro",
      "estado": "RJ",
      "logradouro": "Rua Travassos Vieira",
      "numero": "751",
      "complemento": "Em frente ao Posto 8",
      "bairro": "Recreio",
      "budget": "200000"
    },
    {
      "id": 3,
      "tipo": "Terreno",
      "rgi": "53584569874",
      "cep": "23510905",
      "cidade": "Rio de Janeiro",
      "estado": "RJ",
      "logradouro": "Rua 25 de março",
      "numero": "168",
      "complemento": "Prox a padaria",
      "bairro": "Barra da Tijuca",
      "budget": "300000"
    }
  ],
  "compradores": [
    {
      "id": 1,
      "tipo": "Na planta",
      "nome": "José Roberto",
      "idade": 49,
      "entrada": 200000,
      "imovelId": 1,
      "cpf": 4901457796
    },
    {
      "id": 2,
      "tipo": "Médio padrão",
      "nome": "Maitê Moura",
      "idade": 38,
      "entrada": 150000,
      "imovelId": 2,
      "cpf": 789456123
    },
    {
      "id": 3,
      "tipo": "Alto padrão",
      "nome": "Carla Donato",
      "idade": 35,
      "entrada": 300000,
      "imovelId": 3,
      "cpf": 456789123
    },
    {
      "id": 4,
      "tipo": "Luxo",
      "nome": "Aldair Silva",
      "idade": 56,
      "entrada": 600000,
      "imovelId": 4,
      "cpf": "12345678910",
      "name": ""
    }
  ]
}